date,code,open,high,low,close,preclose,volume,amount,adjustflag,turn,tradestatus,pctChg,isST
2025-02-05,sh.601166,19.56786176,19.56786176,19.16656772,19.23345006,19.40543322,56941375,1149678061.63,2,0.2741,1,-0.8863,0
2025-02-06,sh.601166,19.19523158,19.4436517,19.12834924,19.33855088,19.23345006,52992499,1069537146.92,2,0.2551,1,0.5464,0
2025-02-07,sh.601166,19.28122316,19.3958786,19.17612234,19.22389544,19.33855088,62019690,1249717762.68,2,0.2985,1,-0.5929,0
2025-02-10,sh.601166,19.22389544,19.71118106,19.12834924,19.4436517,19.22389544,77145748,1573384870.32,2,0.3714,1,1.1431,0
2025-02-11,sh.601166,19.45320632,19.62518948,19.38632398,19.4436517,19.4436517,43490163,886753997.36,2,0.2093,1,0.0,0
2025-02-12,sh.601166,19.4914248,19.94049194,19.38632398,19.8736096,19.4436517,72642011,1495854751.55,2,0.3497,1,2.2113,0
2025-02-13,sh.601166,19.83539112,20.0169289,19.7780634,19.79717264,19.8736096,45721486,950467991.67,2,0.2201,1,-0.3846,0
2025-02-14,sh.601166,19.8258365,20.23668516,19.73984492,20.21757592,19.79717264,81100768,1701541632.42,2,0.3904,1,2.1236,0
2025-02-17,sh.601166,20.1602482,20.2080213,19.83539112,20.0169289,20.21757592,67391435,1408227607.43,2,0.3244,1,-0.9924,0
2025-02-18,sh.601166,19.9213827,20.27490364,19.89271884,20.1124751,20.0169289,59047949,1243839849.38,2,0.2842,1,0.4773,0
2025-02-19,sh.601166,20.05514738,20.15069358,19.97871042,20.064702,20.1124751,43259133,909263681.6,2,0.2082,1,-0.2375,0
2025-02-20,sh.601166,20.07425662,20.09336586,19.88316422,19.91182808,20.064702,40495388,845067828.34,2,0.1949,1,-0.7619,0
2025-02-21,sh.601166,19.98826504,19.98826504,19.59652562,19.74939954,19.91182808,60764585,1255601267.88,2,0.2925,1,-0.8157,0
2025-02-24,sh.601166,19.65385334,19.78761802,19.52008866,19.57741638,19.74939954,50618641,1039684309.06,2,0.2437,1,-0.8708,0
2025-02-25,sh.601166,19.52008866,19.6347441,19.42454246,19.50097942,19.57741638,48518314,990369434.14,2,0.2335,1,-0.3904,0
2025-02-26,sh.601166,19.57741638,19.8736096,19.51053404,19.52964328,19.50097942,51212517,1054417104.81,2,0.2465,1,0.147,0
2025-02-27,sh.601166,19.5391979,20.00737428,19.4436517,19.98826504,19.52964328,64398226,1332813270.06,2,0.31,1,2.3483,0
2025-02-28,sh.601166,19.93093732,20.15069358,19.8258365,19.8258365,19.98826504,63937206,1335631048.02,2,0.3078,1,-0.8126,0
2025-03-03,sh.601166,19.97871042,20.0169289,19.69207182,19.8258365,19.8258365,46107844,956749253.72,2,0.2219,1,0.0,0
2025-03-04,sh.601166,19.7780634,20.04559276,19.7780634,19.89271884,19.8258365,39919923,833343193.89,2,0.1922,1,0.3373,0
2025-03-05,sh.601166,19.90227346,20.21757592,19.85450036,20.1602482,19.89271884,63293924,1333120794.81,2,0.3047,1,1.3449,0
2025-03-06,sh.601166,20.16980282,20.24623978,19.9691558,20.18891206,20.1602482,56051459,1181458700.92,2,0.2698,1,0.1422,0
2025-03-07,sh.601166,20.22713054,20.47555066,20.1602482,20.40866832,20.18891206,64288017,1370963871.45,2,0.3095,1,1.0885,0
2025-03-10,sh.601166,20.3513406,20.38955908,20.0169289,20.064702,20.40866832,60554152,1274813239.94,2,0.2915,1,-1.6854,0
2025-03-11,sh.601166,20.00737428,20.3513406,20.00737428,20.3513406,20.064702,56007608,1184923575.1,2,0.2696,1,1.4286,0
2025-03-12,sh.601166,20.33223136,20.51376914,20.2080213,20.27490364,20.3513406,40386806,860715138.44,2,0.1944,1,-0.3756,0
2025-03-13,sh.601166,20.3035675,20.55198762,20.27490364,20.3991137,20.27490364,59241895,1268063873.05,2,0.2852,1,0.6126,0
2025-03-14,sh.601166,20.4468868,20.90550856,20.3991137,20.79085312,20.3991137,99099802,2150244480.18,2,0.477,1,1.9204,0
2025-03-17,sh.601166,20.8768447,21.01060938,20.76218926,20.9246178,20.79085312,54379018,1190285414.37,2,0.2618,1,0.6434,0
2025-03-18,sh.601166,20.90550856,20.96283628,20.80040774,20.85773546,20.9246178,32411027,708718568.33,2,0.156,1,-0.3196,0
2025-03-19,sh.601166,20.85773546,21.44056728,20.84818084,21.38323956,20.85773546,80934070,1796548258.96,2,0.3896,1,2.5195,0
2025-03-20,sh.601166,21.41190342,21.47878576,21.12526482,21.3068026,21.38323956,61891151,1380250073.66,2,0.2979,1,-0.3575,0
2025-03-21,sh.601166,21.2112564,21.34502108,20.62842458,20.66664306,21.3068026,80733212,1764288397.89,2,0.3886,1,-3.0045,0
2025-03-24,sh.601166,20.66664306,20.9246178,20.66664306,20.85773546,20.66664306,42997381,936798556.68,2,0.207,1,0.9246,0
2025-03-25,sh.601166,20.86729008,21.00105476,20.75263464,20.80996236,20.85773546,31639586,689961725.17,2,0.1523,1,-0.229,0
2025-03-26,sh.601166,20.74308002,20.84818084,20.45644142,20.52332376,20.80996236,60439734,1301908273.94,2,0.2909,1,-1.3774,0
2025-03-27,sh.601166,20.53287838,20.79085312,20.50421452,20.542433,20.52332376,38365602,827879602.9,2,0.1847,1,0.0931,0
2025-03-28,sh.601166,20.5902061,20.6857523,20.46599604,20.57109686,20.542433,38611535,830766560.33,2,0.1859,1,0.1395,0
2025-03-31,sh.601166,20.59976072,20.75263464,20.3991137,20.6379792,20.57109686,56227810,1212863700.49,2,0.2707,1,0.3251,0
2025-04-01,sh.601166,20.61886996,20.6379792,20.2080213,20.31312212,20.6379792,61300103,1305557996.41,2,0.2951,1,-1.5741,0
2025-04-02,sh.601166,20.2557944,20.48510528,20.24623978,20.3035675,20.31312212,38462628,819669633.65,2,0.1851,1,-0.047,0
2025-04-03,sh.601166,20.10292048,20.38000446,20.05514738,20.23668516,20.3035675,39603084,838599995.86,2,0.1906,1,-0.3294,0
2025-04-07,sh.601166,19.3958786,19.8258365,18.79393754,19.23345006,20.23668516,174139850,3514105810.13,2,0.8382,1,-4.9575,0
2025-04-08,sh.601166,19.23345006,19.95004656,19.13790386,19.88316422,19.23345006,156377486,3205975028.49,2,0.7527,1,3.378,0
2025-04-09,sh.601166,19.7780634,19.8736096,19.37676936,19.48187018,19.88316422,94160610,1932747018.06,2,0.4533,1,-2.0183,0
2025-04-10,sh.601166,19.60608024,20.00737428,19.45320632,19.83539112,19.48187018,68332203,1417511524.79,2,0.3289,1,1.8146,0
2025-04-11,sh.601166,19.80672726,19.9213827,19.6347441,19.8258365,19.83539112,45412038,940343861.67,2,0.2186,1,-0.0482,0
2025-04-14,sh.601166,19.8736096,20.064702,19.8258365,19.8736096,19.8258365,46171205,963247514.57,2,0.2223,1,0.241,0
2025-04-15,sh.601166,19.91182808,20.21757592,19.89271884,20.16980282,19.8736096,49418363,1040744218.7,2,0.2379,1,1.4904,0
2025-04-16,sh.601166,20.09336586,20.32267674,19.94049194,20.18891206,20.16980282,64581942,1357277212.22,2,0.3109,1,0.0947,0
2025-04-17,sh.601166,20.1124751,20.2080213,19.90227346,20.09336586,20.18891206,48319061,1015091277.65,2,0.2326,1,-0.4733,0
2025-04-18,sh.601166,20.09336586,20.52332376,20.08381124,20.43733218,20.09336586,51622885,1097987119.99,2,0.2485,1,1.7118,0
2025-04-21,sh.601166,20.3991137,20.5902061,20.14113896,20.14113896,20.43733218,47260058,1004446071.1,2,0.2275,1,-1.4493,0
2025-04-22,sh.601166,20.14113896,20.2557944,20.064702,20.09336586,20.14113896,35103354,740087710.77,2,0.169,1,-0.2372,0
2025-04-23,sh.601166,20.1602482,20.17935744,19.93093732,20.0169289,20.09336586,36054791,756092529.12,2,0.1736,1,-0.3804,0
2025-04-24,sh.601166,19.9691558,20.23668516,19.9691558,20.2080213,20.0169289,37695735,796196135.04,2,0.1815,1,0.9547,0
2025-04-25,sh.601166,20.22713054,20.28445826,19.97871042,20.00737428,20.2080213,36836755,775126587.0,2,0.1773,1,-0.9929,0
2025-04-28,sh.601166,20.07425662,20.23668516,20.00737428,20.15069358,20.00737428,38077063,802954184.62,2,0.1833,1,0.7163,0
2025-04-29,sh.601166,20.13158434,20.27490364,20.064702,20.08381124,20.15069358,33468503,705114564.06,2,0.1611,1,-0.3319,0
2025-04-30,sh.601166,19.99781966,20.00737428,19.67296258,19.94049194,20.08381124,57475693,1193061701.14,2,0.2767,1,-0.7136,0
2025-05-06,sh.601166,20.1124751,20.1124751,19.80672726,19.80672726,19.94049194,47006946,980278016.44,2,0.2263,1,-0.6708,0
2025-05-07,sh.601166,19.9691558,20.14113896,19.88316422,20.10292048,19.80672726,52732120,1106233642.91,2,0.2538,1,1.4954,0
2025-05-08,sh.601166,20.1602482,20.71441616,20.1124751,20.57109686,20.10292048,72385924,1552810847.73,2,0.3484,1,2.3289,0
2025-05-09,sh.601166,20.56154224,21.15392868,20.56154224,21.1157102,20.57109686,82162433,1806257208.38,2,0.3955,1,2.6475,0
2025-05-12,sh.601166,21.1157102,21.58388658,21.00105476,21.28769336,21.1157102,86234316,1926441116.43,2,0.4151,1,0.8145,0
2025-05-13,sh.601166,21.33546646,21.56477734,21.12526482,21.5456681,21.28769336,75863600,1696702180.71,2,0.3652,1,1.2118,0
2025-05-14,sh.601166,21.45967652,22.00428986,21.4501219,21.90874366,21.5456681,90099072,2055203657.1,2,0.4337,1,1.6851,0
2025-05-15,sh.601166,21.96607138,22.10939068,21.7845336,21.87052518,21.90874366,59540375,1365535663.5,2,0.2866,1,-0.1744,0
2025-05-16,sh.601166,21.86097056,21.93740752,21.57433196,21.6889874,21.87052518,48178256,1093803968.7,2,0.2319,1,-0.8301,0
2025-05-19,sh.601166,21.8323067,21.9278529,21.66032354,21.70809664,21.6889874,45413518,1034717788.53,2,0.2186,1,0.0881,0
2025-05-20,sh.601166,21.77497898,21.90874366,21.45967652,21.51700424,21.70809664,49876741,1127551218.92,2,0.2401,1,-0.8803,0
2025-05-21,sh.601166,21.6412143,21.85141594,21.50744962,21.69854202,21.51700424,44931151,1021858638.85,2,0.2163,1,0.8437,0
2025-05-22,sh.601166,21.6889874,21.91829828,21.65076892,21.8800798,21.69854202,38771367,885841455.04,2,0.1866,1,0.8366,0
2025-05-23,sh.601166,21.86097056,21.95651676,21.71765126,21.79408822,21.8800798,40925201,935467315.18,2,0.197,1,-0.393,0
2025-05-26,sh.601166,21.79408822,21.86097056,21.56477734,21.61255044,21.79408822,39289340,891722939.22,2,0.1891,1,-0.833,0
2025-05-27,sh.601166,21.77497898,21.90874366,21.66987816,21.74631512,21.61255044,40571928,925337813.96,2,0.1953,1,0.6189,0
2025-05-28,sh.601166,21.77497898,21.82275208,21.47878576,21.53611348,21.74631512,37249089,841688652.75,2,0.1793,1,-0.9666,0
2025-05-29,sh.601166,21.5934412,21.8323067,21.46923114,21.6412143,21.53611348,48004676,1088790408.96,2,0.2311,1,0.488,0
2025-05-30,sh.601166,21.69854202,21.86097056,21.52655886,21.63165968,21.6412143,49968991,1134277475.07,2,0.2405,1,-0.0442,0
2025-06-03,sh.601166,22.0233991,22.8833149,21.8800798,22.65400402,21.63165968,152729132,3596385127.02,2,0.7352,1,4.7261,0
2025-06-04,sh.601166,22.6922225,22.80687794,22.51068472,22.56801244,22.65400402,50311224,1190002655.81,2,0.2422,1,-0.3796,0
2025-06-05,sh.601166,22.56801244,22.68266788,22.38647466,22.47246624,22.56801244,45616131,1074101875.06,2,0.2196,1,-0.4234,0
2025-06-06,sh.601166,22.56801244,22.7877687,22.453357,22.51068472,22.47246624,45998184,1086652582.79,2,0.2214,1,0.1701,0
2025-06-09,sh.601166,22.60623092,22.80687794,22.53934858,22.7399956,22.51068472,56992840,1353564827.7,2,0.2743,1,1.0187,0
2025-06-10,sh.601166,22.8355418,23.24639046,22.66355864,22.74955022,22.7399956,78488757,1884783395.76,2,0.3778,1,0.042,0
2025-06-11,sh.601166,22.81643256,23.23683584,22.74955022,22.91197876,22.74955022,57461676,1383522166.14,2,0.2766,1,0.714,0
2025-06-12,sh.601166,22.931088,23.03618882,22.7399956,22.79732332,22.91197876,71143847,1701213578.36,2,0.3425,1,-0.5004,0
2025-06-13,sh.601166,22.80687794,22.87376028,22.4055839,22.453357,22.79732332,181719619,4286333511.86,2,0.8747,1,-1.5088,0
2025-06-16,sh.601166,22.5489032,22.931088,22.48202086,22.89286952,22.453357,72763152,1738311743.95,2,0.3438,1,1.9574,0
2025-06-17,sh.601166,22.931088,23.0744073,22.73044098,22.74955022,22.89286952,49553229,1184646050.26,2,0.2342,1,-0.626,0
2025-06-18,sh.601166,22.74955022,22.91197876,22.5966763,22.84509642,22.74955022,53677473,1279994386.77,2,0.2536,1,0.42,0
2025-06-19,sh.601166,22.86420566,22.92153338,22.68266788,22.7399956,22.84509642,52485576,1251586439.3,2,0.248,1,-0.4601,0
2025-06-20,sh.601166,22.95,23.28,22.83,23.16,22.74,79004549,1825598592.06,2,0.3733,1,1.847,0
2025-06-23,sh.601166,23.16,23.77,23.03,23.75,23.16,78118188,1833164182.6,2,0.3691,1,2.5475,0
2025-06-24,sh.601166,23.66,24.16,23.6,23.85,23.75,77973220,1861459498.22,2,0.3684,1,0.4211,0
2025-06-25,sh.601166,23.85,24.13,23.56,24.06,23.85,60448439,1440150977.4,2,0.2856,1,0.8805,0
2025-06-26,sh.601166,24.01,24.26,23.85,24.18,24.06,65760397,1583708584.01,2,0.3107,1,0.4988,0
2025-06-27,sh.601166,24.18,24.22,23.43,23.56,24.18,89061976,2118395113.65,2,0.4208,1,-2.5641,0
2025-06-30,sh.601166,23.42,23.56,23.2,23.34,23.56,53389989,1245905411.98,2,0.2523,1,-0.9338,0
2025-07-01,sh.601166,23.53,23.72,23.35,23.55,23.34,48655910,1147244956.32,2,0.2299,1,0.8997,0
2025-07-02,sh.601166,23.65,24.0,23.48,23.9,23.55,59859229,1425191395.76,2,0.2829,1,1.4862,0
2025-07-03,sh.601166,23.9,24.13,23.67,24.07,23.9,49418683,1183006993.46,2,0.2335,1,0.7113,0
2025-07-04,sh.601166,24.07,25.0,23.96,24.83,24.07,100938989,2486887997.24,2,0.477,1,3.1575,0
2025-07-07,sh.601166,24.83,25.15,24.74,25.12,24.83,61180122,1527411562.94,2,0.2891,1,1.1679,0
2025-07-08,sh.601166,25.06,25.19,24.86,25.14,25.12,52675374,1321047642.44,2,0.2489,1,0.0796,0
2025-07-09,sh.601166,25.1,25.15,24.82,25.08,25.14,54656536,1367713034.58,2,0.2583,1,-0.2387,0
2025-07-10,sh.601166,25.01,25.45,24.94,24.94,25.08,84292536,2124297408.33,2,0.3983,1,-0.5582,0
2025-07-11,sh.601166,25.13,25.18,24.45,24.45,24.94,127758138,3171468156.52,2,0.6037,1,-1.9647,0
2025-07-14,sh.601166,24.58,24.88,24.46,24.69,24.45,79819509,1970682493.25,2,0.3772,1,0.9816,0
2025-07-15,sh.601166,24.7,24.77,24.25,24.43,24.69,58519956,1432863478.96,2,0.2765,1,-1.0531,0
2025-07-16,sh.601166,24.44,24.51,24.02,24.31,24.43,58538495,1417278634.1,2,0.2766,1,-0.4912,0
2025-07-17,sh.601166,24.3,24.5,24.21,24.29,24.31,48932606,1191239010.02,2,0.2312,1,-0.0823,0
2025-07-18,sh.601166,24.39,24.65,24.29,24.42,24.29,52519964,1283650867.2,2,0.2482,1,0.5352,0
2025-07-21,sh.601166,24.42,24.47,24.0,24.01,24.42,72459885,1749087308.33,2,0.3424,1,-1.679,0
2025-07-22,sh.601166,24.02,24.12,23.71,23.85,24.01,88420867,2108725859.76,2,0.4178,1,-0.6664,0
2025-07-23,sh.601166,23.85,24.1,23.71,23.79,23.85,77944050,1861858075.32,2,0.3683,1,-0.2516,0
2025-07-24,sh.601166,23.78,23.79,23.24,23.32,23.79,99326264,2325762623.94,2,0.4693,1,-1.9756,0
2025-07-25,sh.601166,23.18,23.35,23.0,23.17,23.32,82838111,1917823539.54,2,0.3914,1,-0.6432,0
2025-07-28,sh.601166,23.2,23.3,22.92,22.96,23.17,73399245,1694291519.95,2,0.3468,1,-0.9063,0
2025-07-29,sh.601166,22.97,23.07,22.67,22.71,22.96,75603556,1726509242.22,2,0.3572,1,-1.0889,0
2025-07-30,sh.601166,22.72,22.99,22.67,22.77,22.71,73851684,1684886427.93,2,0.349,1,0.2642,0
2025-07-31,sh.601166,22.8,22.88,22.49,22.64,22.77,71531290,1618126300.41,2,0.338,1,-0.5709,0
2025-08-01,sh.601166,22.6,22.77,22.36,22.53,22.64,63503509,1433318295.17,2,0.3001,1,-0.4859,0
2025-08-04,sh.601166,22.53,23.07,22.5,22.78,22.53,71291404,1628078980.45,2,0.3369,1,1.1096,0
2025-08-05,sh.601166,22.78,23.22,22.71,23.09,22.78,82030352,1883106433.47,2,0.3876,1,1.3608,0
2025-08-06,sh.601166,23.09,23.28,22.92,22.98,23.09,55347515,1275671131.08,2,0.2615,1,-0.4764,0
2025-08-07,sh.601166,23.0,23.25,22.86,23.07,22.98,56757391,1310756095.16,2,0.2682,1,0.3916,0
2025-08-08,sh.601166,23.18,23.22,23.0,23.06,23.07,41084213,949131790.66,2,0.1941,1,-0.0433,0
2025-08-11,sh.601166,23.04,23.1,22.82,22.88,23.06,57255658,1314486633.92,2,0.2705,1,-0.7806,0
2025-08-12,sh.601166,22.89,23.25,22.89,22.99,22.88,59812387,1382771889.29,2,0.2826,1,0.4808,0
2025-08-13,sh.601166,23.08,23.22,22.8,22.8,22.99,61342218,1408452937.03,2,0.2899,1,-0.8264,0
2025-08-14,sh.601166,22.81,22.96,22.61,22.73,22.8,62936583,1433604879.45,2,0.2974,1,-0.307,0
2025-08-15,sh.601166,22.7,22.72,22.19,22.32,22.73,100932305,2258233413.18,2,0.4769,1,-1.8038,0
2025-08-18,sh.601166,22.31,22.63,22.23,22.62,22.32,79074942,1775769429.68,2,0.3737,1,1.3441,0
2025-08-19,sh.601166,22.62,22.69,22.42,22.55,22.62,46435364,1047941112.31,2,0.2194,1,-0.3095,0
2025-08-20,sh.601166,22.54,22.73,22.41,22.59,22.55,51747944,1168068710.31,2,0.2445,1,0.1774,0
2025-08-21,sh.601166,22.59,22.67,22.45,22.61,22.59,45380949,1025073971.11,2,0.2144,1,0.0885,0
2025-08-22,sh.601166,22.58,22.83,22.5,22.77,22.61,64080929,1448655287.54,2,0.3028,1,0.7077,0
2025-08-25,sh.601166,22.78,22.97,22.71,22.95,22.77,61757674,1412332034.05,2,0.2918,1,0.7905,0
2025-08-26,sh.601166,22.9,23.04,22.8,22.88,22.95,52653065,1206282546.22,2,0.2488,1,-0.305,0
2025-08-27,sh.601166,22.85,22.96,22.44,22.5,22.88,68855733,1563309935.35,2,0.3254,1,-1.6608,0
2025-08-28,sh.601166,22.55,22.88,22.41,22.77,22.5,71518408,1621385461.91,2,0.3379,1,1.2,0
2025-08-29,sh.601166,22.7,22.85,22.36,22.41,22.77,110367467,2489556638.69,2,0.5215,1,-1.581,0
2025-09-01,sh.601166,22.5,22.5,21.8,21.81,22.41,101947514,2247745504.95,2,0.4817,1,-2.6774,0
2025-09-02,sh.601166,21.8,22.0,21.65,21.99,21.81,97491525,2127430409.19,2,0.4607,1,0.8253,0
2025-09-03,sh.601166,21.99,22.19,21.6,21.72,21.99,81343439,1777442124.04,2,0.3844,1,-1.2278,0
2025-09-04,sh.601166,21.7,22.04,21.39,21.92,21.72,103205879,2242826169.02,2,0.4877,1,0.9208,0
2025-09-05,sh.601166,21.86,21.9,21.66,21.75,21.92,51288666,1115373250.99,2,0.2424,1,-0.7755,0
2025-09-08,sh.601166,21.66,21.8,21.4,21.46,21.75,68139334,1468718930.76,2,0.322,1,-1.3333,0
2025-09-09,sh.601166,21.47,21.57,21.41,21.52,21.46,45193683,970474730.16,2,0.2136,1,0.2796,0
2025-09-10,sh.601166,21.53,21.64,21.43,21.5,21.52,39477957,850545557.76,2,0.1865,1,-0.0929,0
2025-09-11,sh.601166,21.51,21.88,21.42,21.84,21.5,69389366,1500929723.65,2,0.3279,1,1.5814,0
2025-09-12,sh.601166,21.86,22.0,21.4,21.42,21.84,87144305,1882460575.52,2,0.4118,1,-1.9231,0
2025-09-15,sh.601166,21.4,21.43,20.99,21.07,21.42,81757618,1732525311.45,2,0.3863,1,-1.634,0
2025-09-16,sh.601166,21.08,21.29,20.67,20.7,21.07,109859149,2294390879.45,2,0.5191,1,-1.7561,0
2025-09-17,sh.601166,20.71,20.99,20.51,20.59,20.7,121699319,2519638397.03,2,0.5751,1,-0.5314,0
2025-09-18,sh.601166,20.63,20.74,20.18,20.25,20.59,132646486,2706633183.27,2,0.6268,1,-1.6513,0
2025-09-19,sh.601166,20.28,20.46,20.11,20.29,20.25,90243997,1831841492.84,2,0.4264,1,0.1975,0
2025-09-22,sh.601166,20.35,20.44,20.1,20.13,20.29,52217620,1056135326.33,2,0.2467,1,-0.7886,0
2025-09-23,sh.601166,20.13,20.53,19.94,20.41,20.13,118614652,2413456042.48,2,0.5605,1,1.391,0
2025-09-24,sh.601166,20.39,20.63,20.17,20.24,20.41,85193873,1733311216.41,2,0.4026,1,-0.8329,0
2025-09-25,sh.601166,20.23,20.36,20.02,20.21,20.24,73559168,1487668221.23,2,0.3476,1,-0.1482,0
2025-09-26,sh.601166,20.25,20.42,20.01,20.32,20.21,75135416,1522919747.38,2,0.355,1,0.5443,0
2025-09-29,sh.601166,20.26,20.5,20.05,20.05,20.32,128871976,2607343268.89,2,0.609,1,-1.3287,0
2025-09-30,sh.601166,20.09,20.13,19.79,19.85,20.05,142228461,2832139640.24,2,0.6721,1,-0.9975,0
2025-10-09,sh.601166,19.89,19.92,19.65,19.67,19.85,142204077,2805438365.76,2,0.672,1,-0.9068,0
2025-10-10,sh.601166,19.66,19.94,19.64,19.69,19.67,122488716,2418379471.35,2,0.5788,1,0.1017,0
2025-10-13,sh.601166,19.56,19.86,19.35,19.7,19.69,118644788,2329693938.51,2,0.5606,1,0.0508,0
2025-10-14,sh.601166,19.65,20.23,19.61,20.23,19.7,167425552,3354050748.58,2,0.7911,1,2.6904,0
2025-10-15,sh.601166,20.2,20.41,20.1,20.31,20.23,121877133,2467841307.25,2,0.5759,1,0.3955,0
2025-10-16,sh.601166,20.3,20.53,20.12,20.45,20.31,104083927,2118893999.52,2,0.4918,1,0.6893,0
2025-10-17,sh.601166,20.43,20.62,20.15,20.19,20.45,102670497,2092372210.85,2,0.4851,1,-1.2714,0
2025-10-20,sh.601166,20.22,20.35,19.96,20.26,20.19,73331679,1478700780.53,2,0.3465,1,0.3467,0
2025-10-21,sh.601166,20.26,20.36,20.13,20.16,20.26,71319321,1443091378.99,2,0.337,1,-0.4936,0
2025-10-22,sh.601166,20.16,20.59,20.13,20.4,20.16,105297751,2142510745.83,2,0.4976,1,1.1905,0
2025-10-23,sh.601166,20.43,20.88,20.43,20.76,20.4,128892521,2669162662.21,2,0.6091,1,1.7647,0
2025-10-24,sh.601166,20.72,20.86,20.58,20.6,20.76,87108440,1802052791.46,2,0.4116,1,-0.7707,0
2025-10-27,sh.601166,20.56,20.64,20.36,20.43,20.6,86809811,1779382266.27,2,0.4102,1,-0.8252,0
2025-10-28,sh.601166,20.5,20.54,20.25,20.42,20.43,67805058,1381509043.17,2,0.3204,1,-0.0489,0
2025-10-29,sh.601166,20.35,20.35,19.98,20.01,20.42,93109731,1870240597.68,2,0.44,1,-2.0078,0
2025-10-30,sh.601166,20.01,20.18,19.92,20.03,20.01,85352172,1710598137.02,2,0.4033,1,0.1,0
2025-10-31,sh.601166,20.1,20.28,20.09,20.23,20.03,88786188,1793197839.29,2,0.4195,1,0.9985,0
2025-11-03,sh.601166,20.29,20.65,20.26,20.56,20.23,99084924,2032997911.36,2,0.4682,1,1.6312,0
2025-11-04,sh.601166,20.61,21.36,20.57,21.14,20.56,168489305,3553167554.38,2,0.7962,1,2.821,0
2025-11-05,sh.601166,21.26,21.45,21.11,21.22,21.14,109425962,2330966266.02,2,0.5171,1,0.3784,0
2025-11-06,sh.601166,21.15,21.37,21.02,21.16,21.22,87378748,1853238578.58,2,0.4129,1,-0.2828,0
2025-11-07,sh.601166,21.28,21.47,21.12,21.17,21.16,75886616,1612872599.99,2,0.3586,1,0.0473,0
2025-11-10,sh.601166,21.17,21.32,21.05,21.18,21.17,62042219,1314425266.62,2,0.2932,1,0.0472,0
2025-11-11,sh.601166,21.16,21.37,21.09,21.27,21.18,63482483,1348581787.91,2,0.3,1,0.4249,0
2025-11-12,sh.601166,21.35,21.55,21.28,21.3,21.27,93377215,1997830532.78,2,0.4412,1,0.141,0
2025-11-13,sh.601166,21.32,21.42,21.13,21.28,21.3,67304490,1428762788.52,2,0.318,1,-0.0939,0
2025-11-14,sh.601166,21.29,21.9,21.28,21.6,21.28,119591827,2588790612.46,2,0.5651,1,1.5038,0
2025-11-17,sh.601166,21.56,21.67,21.28,21.42,21.6,90159739,1928831974.44,2,0.426,1,-0.8333,0
2025-11-18,sh.601166,21.41,21.49,21.23,21.3,21.42,54306322,1158813022.49,2,0.2566,1,-0.5602,0
2025-11-19,sh.601166,21.34,21.6,21.29,21.43,21.3,61497527,1318701347.51,2,0.2906,1,0.6103,0
2025-11-20,sh.601166,21.39,21.86,21.36,21.52,21.43,81155381,1755148196.43,2,0.3835,1,0.42,0
2025-11-21,sh.601166,21.65,21.65,21.21,21.36,21.52,102218933,2187792527.96,2,0.483,1,-0.7435,0
2025-11-24,sh.601166,21.4,21.44,21.01,21.01,21.36,90230240,1911010241.37,2,0.4264,1,-1.6386,0
2025-11-25,sh.601166,21.05,21.42,20.87,21.4,21.01,70570686,1496052470.54,2,0.3335,1,1.8563,0
2025-11-26,sh.601166,21.44,21.62,21.24,21.3,21.4,52205802,1115834134.46,2,0.2467,1,-0.4673,0
2025-11-27,sh.601166,21.24,21.44,21.11,21.39,21.3,55851532,1189138080.39,2,0.2639,1,0.4225,0
2025-11-28,sh.601166,21.34,21.36,21.1,21.11,21.39,56706300,1202270108.71,2,0.268,1,-1.309,0
2025-12-01,sh.601166,20.93,21.23,20.9,21.16,21.11,77359674,1631303704.32,2,0.3655,1,0.2369,0
2025-12-02,sh.601166,21.22,21.26,20.96,21.15,21.16,53146979,1121724093.75,2,0.2511,1,-0.0473,0
2025-12-03,sh.601166,21.1,21.29,20.93,20.94,21.15,59174490,1248351587.96,2,0.2796,1,-0.9929,0
2025-12-04,sh.601166,20.94,21.03,20.82,20.87,20.94,45222927,944873767.71,2,0.2137,1,-0.3343,0
2025-12-05,sh.601166,20.83,20.89,20.58,20.8,20.87,67135607,1391780995.19,2,0.3172,1,-0.3354,0
2025-12-08,sh.601166,20.8,21.04,20.76,20.88,20.8,74199558,1551897043.08,2,0.3506,1,0.3846,0
2025-12-09,sh.601166,20.92,20.95,20.65,20.72,20.88,61457597,1275049171.8,2,0.2904,1,-0.7663,0
2025-12-10,sh.601166,20.68,20.71,20.26,20.35,20.72,71614860,1461613882.4,2,0.3384,1,-1.7857,0
2025-12-11,sh.601166,20.37,20.42,20.24,20.42,20.35,63022368,1281591160.64,2,0.2978,1,0.344,0
2025-12-12,sh.601166,20.4,20.65,20.32,20.65,20.42,95885628,1967883795.16,2,0.4531,1,1.1263,0
2025-12-15,sh.601166,20.6,20.86,20.58,20.69,20.65,50677188,1051157428.11,2,0.2395,1,0.1937,0
2025-12-16,sh.601166,20.73,20.74,20.33,20.42,20.69,47521692,972631746.24,2,0.2246,1,-1.305,0
2025-12-17,sh.601166,20.41,20.62,20.23,20.48,20.42,69532603,1419135975.48,2,0.3286,1,0.2938,0
2025-12-18,sh.601166,20.43,20.95,20.36,20.94,20.48,67001453,1388716470.83,2,0.3166,1,2.2461,0
2025-12-19,sh.601166,20.9,21.18,20.81,21.09,20.94,71706644,1508595195.04,2,0.3388,1,0.7163,0
2025-12-22,sh.601166,21.1,21.23,20.96,20.99,21.09,62654940,1318552860.58,2,0.2961,1,-0.4742,0
2025-12-23,sh.601166,21.06,21.1,20.91,21.06,20.99,44745043,940645541.57,2,0.2114,1,0.3335,0
2025-12-24,sh.601166,21.06,21.11,20.88,21.03,21.06,49921423,1048641825.96,2,0.2359,1,-0.1425,0
2025-12-25,sh.601166,21.03,21.24,21.02,21.04,21.03,54593953,1154305573.54,2,0.258,1,0.0476,0
2025-12-26,sh.601166,21.03,21.18,21.0,21.14,21.04,50287933,1061270981.23,2,0.2376,1,0.4753,0
2025-12-29,sh.601166,21.16,21.46,21.08,21.42,21.14,75174628,1602749146.22,2,0.3552,1,1.3245,0
2025-12-30,sh.601166,21.35,21.42,21.07,21.09,21.42,67534398,1429650769.34,2,0.3191,1,-1.5406,0
2025-12-31,sh.601166,21.13,21.18,21.03,21.06,21.09,51630336,1089090774.44,2,0.244,1,-0.1422,0
2026-01-05,sh.601166,21.09,21.17,20.94,21.05,21.06,68192102,1433154162.41,2,0.3222,1,-0.0475,0
2026-01-06,sh.601166,21.05,21.48,20.92,21.46,21.05,98048600,2081354536.92,2,0.4633,1,1.9477,0
2026-01-07,sh.601166,21.47,21.58,21.16,21.24,21.46,72168253,1536327487.24,2,0.341,1,-1.0252,0
2026-01-08,sh.601166,21.2,21.23,20.86,20.92,21.24,68314913,1431407032.17,2,0.3228,1,-1.5066,0
2026-01-09,sh.601166,20.98,21.06,20.79,20.84,20.92,59363078,1239044443.09,2,0.2805,1,-0.3824,0
2026-01-12,sh.601166,20.81,21.01,20.68,20.92,20.84,80668018,1683033480.69,2,0.3812,1,0.3839,0
2026-01-13,sh.601166,20.94,21.17,20.86,21.01,20.92,67149008,1413448395.55,2,0.3173,1,0.4302,0
2026-01-14,sh.601166,20.97,21.18,20.51,20.51,21.01,129693381,2705360734.33,2,0.6128,1,-2.3798,0
2026-01-15,sh.601166,20.51,20.69,20.27,20.32,20.51,101176246,2071464781.24,2,0.4781,1,-0.9264,0
2026-01-16,sh.601166,20.41,20.45,19.97,20.08,20.32,166241062,3352989526.86,2,0.7855,1,-1.1811,0
2026-01-19,sh.601166,20.06,20.2,19.97,20.08,20.08,88262009,1771558388.18,2,0.4171,1,0.0,0
2026-01-20,sh.601166,20.08,20.17,19.92,20.09,20.08,92084679,1847923240.35,2,0.4351,1,0.0498,0
2026-01-21,sh.601166,20.13,20.27,19.58,19.61,20.09,148401565,2945354260.64,2,0.7012,1,-2.3892,0
2026-01-22,sh.601166,19.67,19.84,19.32,19.35,19.61,145943397,2842796271.32,2,0.6896,1,-1.3259,0
2026-01-23,sh.601166,19.37,19.56,19.01,19.12,19.35,170954742,3289784765.75,2,0.8078,1,-1.1886,0
2026-01-26,sh.601166,19.11,19.17,18.87,18.88,19.12,212426687,4032081237.9,2,1.0038,1,-1.2552,0
2026-01-27,sh.601166,18.9,19.1,18.77,18.82,18.88,137878584,2610346337.68,2,0.6515,1,-0.3178,0
2026-01-28,sh.601166,18.81,18.89,18.51,18.55,18.82,204522726,3817641686.58,2,0.9664,1,-1.4346,0
2026-01-29,sh.601166,18.57,18.99,18.35,18.89,18.55,239284074,4455195878.75,2,1.1307,1,1.8329,0
2026-01-30,sh.601166,18.9,19.18,18.7,18.7,18.89,149706906,2832333599.08,2,0.7074,1,-1.0058,0
2026-02-02,sh.601166,18.72,19.2,18.72,18.87,18.7,159123357,3025190515.85,2,0.7519,1,0.9091,0
2026-02-03,sh.601166,18.93,18.99,18.76,18.89,18.87,101047222,1905561559.55,2,0.4775,1,0.106,0
2026-02-04,sh.601166,18.87,19.22,18.83,19.18,18.89,115136738,2198841158.54,2,0.5441,1,1.5352,0
